CustomerID,Name,City
1,Danielle,East Jenniferfort
2,Angel,Lake Thomas
3,Joshua,Westtown
4,Jeffrey,West Jeffreybury
5,Jill,Elizabethstad
6,Erica,Transtad
7,Patricia,Barajasside
8,Christopher,Michaelmouth
9,Robert,Kristopherbury
10,Anthony,Lake Jamesville
11,Jeffery,East Javier
12,William,Hillshire
13,Anthony,Tinaborough
14,James,Jeremyburgh
15,Debra,Alexisside
16,Amy,West Brandon
17,Jeffrey,New Kellyberg
18,Bridget,Garciatown
19,Lisa,Taylormouth
20,Adam,Jackton
21,Linda,Shelleyfort
22,Helen,Port Cameronfort
23,Matthew,New Crystalton
24,Eric,East Lisa
25,Susan,Christopherbury
26,Matthew,New Kathybury
27,Christopher,Hayesmouth
28,Colin,Michellechester
29,Melanie,Ashleyton
30,Cassandra,Port Jaredborough
31,Lindsay,Donnaburgh
32,Jessica,East Andrea
33,Amanda,North Ricky
34,Teresa,Carterbury
35,Nicholas,Jasminemouth
36,Andrea,Lake Jesusview
37,Maria,South Danny
38,Christine,Lake Edward
39,Michelle,Margaretland
40,Barbara,East Laurashire
41,Janet,Scottmouth
42,Brandon,Hollyview
43,Jeremy,Kimton
44,Keith,Navarroview
45,Christopher,North Jeremyshire
46,Jesse,Port Emilyview
47,Craig,Port Katelynfort
48,Joshua,Moonburgh
49,Cynthia,Waltersfort
50,Michael,South Michaelmouth
51,Mitchell,Elizabethburgh
52,Jason,Robertfort
53,Joseph,Elainefurt
54,Sharon,South Christopherview
55,Deborah,Darrellfurt
56,Chelsea,Lake Mollymouth
57,George,Brownhaven
58,Jessica,Cindyfort
59,Frank,Wolfborough
60,Noah,Andreaport
61,Veronica,Gilmorefort
62,Danielle,North Teresabury
63,Angela,West Andrea
64,Gabrielle,Davisville
65,Megan,Valentineberg
66,Kimberly,Cantuport
67,Jeremy,Robertfort
68,Antonio,Sanchezside
69,Leslie,South James
70,Joseph,Port Chad
71,Jason,Morganhaven
72,Sherri,Loriport
73,Nancy,Maryshire
74,Leonard,Grimesmouth
75,Diana,Reedside
76,Randall,Gibsonmouth
77,Robin,Lake John
78,Stephen,Hallchester
79,Joseph,West Juliefurt
80,John,Mcneilberg
81,Anna,Hannaberg
82,Jose,Mollymouth
83,Brenda,New Reneetown
84,Rachael,South Monica
85,Reginald,North Terrance
86,Jeffrey,Matthewfurt
87,Whitney,Port Markside
88,William,Finleyfort
89,Christopher,New Caseyport
90,Brandon,Lake Christopher
91,Daniel,Port Cynthiaville
92,Courtney,Jacksonport
93,Laura,North Markton
94,Robert,Michaelchester
95,Bryan,East Amanda
96,Patrick,East Gregory
97,Wendy,Harveybury
98,Allison,Durhamberg
99,Tasha,South Dana
100,Michelle,Scotttown
101,Alexander,Santanaside
102,Jennifer,North Scott
103,Erin,Vanessaport
104,Amanda,Vaughnmouth
105,Joseph,Jamesfurt
106,Danielle,Rodriguezfurt
107,Daniel,Baileyport
108,Ryan,Port Dominiqueview
109,Shawn,New Michelleton
110,Stephanie,Wallport
111,Nancy,New Laurie
112,Jose,Lake James
113,Vincent,Ericaberg
114,Guy,Lake Debbieport
115,Rita,Johnsonstad
116,Monica,North Renee
117,Kenneth,Julieburgh
118,Danielle,East Kristin
119,Chelsea,Alyssaview
120,Eric,West Robin
121,Kathryn,Coffeyport
122,Amber,Lindamouth
123,Kimberly,East Karenbury
124,Alyssa,Coffeyside
125,Aaron,Christopherfurt
126,Mario,West Amandamouth
127,Andrew,Emilyview
128,Sarah,Carsonstad
129,Natasha,Lake Jesustown
130,Marie,Rosebury
131,Kyle,Lake Madisonport
132,Brian,Wilsonton
133,Natalie,West Wendyville
134,Stacey,East Paigeberg
135,Christopher,Chavezside
136,Todd,Matthewsberg
137,Chad,Penafort
138,Kathleen,Crosbyview
139,Katie,Lake Mitchellmouth
140,David,Sampsonstad
141,Thomas,Lake Michaelstad
142,Andrea,South Joshuaville
143,Joseph,Davisborough
144,Monique,North Kristinbury
145,Rodney,Port Anne
146,Jason,Port Kathyborough
147,Amber,Port Molly
148,Jessica,Kimtown
149,James,Micheleberg
150,Larry,New John
151,Wanda,North Donna
152,Debra,East Alexisbury
153,Samuel,Alfredview
154,Zachary,East Judyhaven
155,David,Lake Brycemouth
156,Jeffrey,Williamville
157,Matthew,Gordonton
158,Brianna,Stephentown
159,Jerry,South Melaniechester
160,Jeffrey,South Jennifermouth
161,Chad,North Marcberg
162,Crystal,East Joshuashire
163,Jeremy,Oscarhaven
164,Rebecca,Shawnchester
165,Michele,Port Jacquelineside
166,Chad,South Shannon
167,John,South Matthew
168,Elizabeth,Rossville
169,Jason,Ronaldview
170,David,Stephaniefort
171,Selena,North Marieland
172,Ashley,Davisstad
173,Thomas,New Brian
174,Kristen,Elizabethchester
175,Lindsey,Morganchester
176,James,West Carolinestad
177,Collin,New Williamberg
178,Ryan,Walkerville
179,Rodney,Meganstad
180,Stuart,Port Joshuabury
181,Jessica,Bruceside
182,Emily,New Sarahview
183,Tracey,East Joshuaport
184,Corey,Michaelburgh
185,Richard,New Diane
186,Matthew,East Joycetown
187,Michelle,Lake Alyssafurt
188,John,Chavezburgh
189,James,Larrymouth
190,Shane,North Ericton
191,Robert,West Scottchester
192,Joshua,Lawsonchester
193,John,Jasonhaven
194,Sandra,West Russellport
195,Scott,Roseport
196,Michelle,East Randallton
197,Andrea,East Kevinborough
198,Brent,Port Jonathan
199,Yvette,Davidfort
200,Mary,Thompsonfurt
201,Tanya,New Angelica
202,Sara,Charleston
203,Melinda,Smithland
204,Gabriel,Barbarashire
205,Todd,Mckinneychester
206,Jason,Dariustown
207,Richard,Georgemouth
208,Brian,Christopherville
209,Nicholas,South Brianna
210,Tricia,South Monicamouth
211,Joseph,West Kimberly
212,Kristen,New Cynthiahaven
213,Spencer,Port Michael
214,Rodney,East Curtis
215,Susan,Jamesberg
216,Wendy,East Stephaniefort
217,Angela,Webstershire
218,Jennifer,Maldonadoshire
219,Eric,Michellemouth
220,Kenneth,South Carlos
221,Tanya,Welchview
222,Beth,West Williamport
223,Amy,Hayeston
224,Julie,Marieland
225,Brian,New Brookefurt
226,Breanna,Carpenterton
227,Wesley,Stoutshire
228,Melissa,West Cassidy
229,Eric,North Shannon
230,Susan,Toniland
231,Christopher,North John
232,Jacob,Ritterhaven
233,Brooke,West Nathan
234,Emma,Paulmouth
235,Joe,Port Crystalmouth
236,David,West Codyfurt
237,Pamela,Johnathanberg
238,John,Christopherberg
239,Brooke,Kylefurt
240,Christine,New Jeanne
241,Robert,West Angelicamouth
242,Brandy,Lake Jacqueline
243,Alexandra,Lake Ellenhaven
244,Sarah,Andrewport
245,James,East Matthew
246,Jennifer,Leeberg
247,John,North Kenneth
248,Randy,New Kellihaven
249,Emily,Lake Matthewberg
250,Kevin,Mooreburgh
251,Leslie,Lake Samuel
252,Karen,Diazbury
253,Charles,Bishopmouth
254,Stephen,New John
255,Yolanda,Mckeeborough
256,Wendy,Erikashire
257,Charles,Murrayport
258,Jason,Shawchester
259,Joseph,Port James
260,Sarah,Port John
261,Nicole,Sawyerside
262,Natasha,Lake Meghanville
263,Mike,Christopherburgh
264,Eric,Shannonhaven
265,Martha,Port Samuel
266,Jade,Port Shannon
267,Cheryl,Sarahchester
268,Vanessa,South Waynebury
269,Destiny,Vangstad
270,Alan,North Lucas
271,Lisa,Port Jennifermouth
272,Kevin,East Benjamin
273,Elizabeth,Hortonberg
274,Sheila,Westtown
275,Dennis,North Jonathanberg
276,Darrell,Rodriguezport
277,Daniel,West David
278,Angela,South Danielle
279,Joseph,Brownfort
280,Cassandra,Lake Zacharybury
281,Jennifer,West Ruben
282,James,Johnchester
283,Cynthia,Lake Elizabeth
284,Joseph,Carloshaven
285,Tracy,South Morganton
286,Rebecca,Zavalaview
287,Meghan,West Kristinastad
288,Christopher,Lake Diane
289,Rodney,Port Bonniemouth
290,Joshua,North Michael
291,Adam,Lisaburgh
292,Kellie,Pollardfort
293,Dana,Port Dennis
294,Jose,Johnsonborough
295,Joyce,Port Jameston
296,Andrea,Sarahhaven
297,Ronald,Haysside
298,Alec,Kingborough
299,Charles,Michaelton
300,Nicole,Joshuastad
301,Rebecca,Prestonmouth
302,Amy,Morganburgh
303,Mary,Holtstad
304,Brandi,Lauriechester
305,Earl,South Carrieburgh
306,David,Manuelland
307,Kyle,Donnaport
308,Rachel,Morrisonchester
309,Laura,Lake Scott
310,Michelle,Williamsstad
311,Rachel,Hillton
312,Jason,Lake Danastad
313,John,North Douglas
314,Curtis,Johnsonland
315,Kimberly,Port Deanna
316,Nicole,Patrickshire
317,Richard,New Ericmouth
318,Christine,Nathanland
319,Eric,New Michael
320,Sarah,Debrabury
321,Michelle,North Jillfort
322,Theresa,Mcintyreville
323,Lisa,Kimberlymouth
324,Nicole,New Justin
325,Angel,Gonzalezberg
326,Jill,South Geraldmouth
327,Martin,Port Evelynmouth
328,Sarah,Jennaside
329,Leah,Patriciaburgh
330,Michelle,Port Michael
331,Lisa,North Tracie
332,Joseph,East Kristy
333,Kristin,West Angelastad
334,Daniel,Laraside
335,Monica,New Nicole
336,Michele,West Raymondfort
337,Jeffrey,Hammondshire
338,Lisa,East Teresaland
339,Steven,Owenshaven
340,Kevin,Davidside
341,Laura,Port Tammy
342,Jeremy,Shawton
343,Andrew,New Ericburgh
344,James,West Sarah
345,Mark,West Stacey
346,Michelle,Meghanview
347,Tammy,Lake Stephanie
348,Joshua,Davidport
349,Darlene,New Danielleshire
350,Ricardo,East Donna
351,Tina,Meganshire
352,Amanda,Port Michelleland
353,Sheila,Lake Kelliview
354,Darrell,Port Ashley
355,Tara,South Pamelaside
356,Gregory,Dawnport
357,Sydney,Sanchezfurt
358,Joseph,Shawnton
359,Daniel,South Robert
360,Ryan,Harrisberg
361,Jessica,Michellemouth
362,Lee,Theresaberg
363,Catherine,Zacharyville
364,William,Johnville
365,Paul,Shannonberg
366,Barbara,North Kellyfurt
367,Jonathan,Wrightburgh
368,Jeanne,Sarahmouth
369,Aaron,Port Erik
370,Sara,Jimenezport
371,Amanda,Johnsonfurt
372,Jennifer,Levyborough
373,Judy,Brandonport
374,Emily,Harperfort
375,Michael,Amandaville
376,Chad,Andersonview
377,Elizabeth,Kathrynstad
378,Mark,South Brettside
379,Lee,West Angela
380,Melanie,South Williamside
381,Jennifer,Marciaville
382,Kevin,North Phillip
383,Kyle,Angelastad
384,Ricky,East Carrie
385,Richard,Porterton
386,Kenneth,East Jenniferfort
387,David,Hernandezhaven
388,Robert,West Sarah
389,Shelby,Franciscoport
390,Erica,Williamhaven
391,Raven,Ericksonport
392,Christina,Cabrerastad
393,Kevin,Emilychester
394,Amy,Lauratown
395,Aaron,Bakershire
396,Justin,Lake Brett
397,Russell,Jacksonfurt
398,Bethany,Port Erin
399,Diana,New Stacyville
400,Steven,North Scott
401,Scott,Hernandezborough
402,Jason,Shawfort
403,Thomas,Lake Devinborough
404,Rachel,Whitneyfort
405,Laura,Edwardsburgh
406,Gene,Barrmouth
407,Christopher,Ericaview
408,Zachary,Leebury
409,Cynthia,Angelabury
410,Matthew,Kellieborough
411,Loretta,Stewartstad
412,Karen,Keithshire
413,Emily,Huangfurt
414,Jeffrey,Stephanieberg
415,James,Bobbyland
416,Andrew,Sandraview
417,John,Lewisside
418,Thomas,Sarahview
419,Melissa,North Christina
420,Charles,East Brent
421,Robert,Lake Jesse
422,Crystal,South Markfort
423,James,Lake Kellitown
424,Heather,South Denise
425,Troy,Woodsborough
426,John,Manuelton
427,Diana,Lake Audreyside
428,Adam,East Robertburgh
429,Karen,Port Randyfort
430,Kayla,Lake Suzanne
431,Daniel,Nancytown
432,Ronald,Ashleyville
433,Gregory,Justinside
434,Susan,Smallberg
435,April,Nelsonville
436,Brent,Franciscomouth
437,John,Jennifertown
438,Melinda,Krystalshire
439,Stephen,East Cheryl
440,Laurie,Wilcoxhaven
441,Elizabeth,Christopherville
442,Vanessa,East Thomas
443,Caitlin,North Jose
444,Stephanie,South Karen
445,Patricia,Kevinshire
446,Cheyenne,West Desireebury
447,Jennifer,Lake Davidport
448,William,South Gina
449,Maria,Hannahport
450,Amy,Christinabury
451,Phyllis,South Eric
452,Julia,Robertside
453,Thomas,Toddborough
454,Jonathon,Lake Karen
455,John,New Seanstad
456,Dana,New Danielside
457,Katie,New Amanda
458,Adrienne,West Melissa
459,Courtney,Wilsonborough
460,Joshua,Davishaven
461,Chris,Stokesmouth
462,Justin,New Robert
463,Joseph,New Stevenport
464,Luis,South Jonathantown
465,Amber,New Charles
466,Devon,Cooperland
467,Jesse,North Valeriefort
468,Heather,West Robertberg
469,Jasmine,Brooksfurt
470,Caleb,Kanefurt
471,Rick,Millerside
472,Amy,Lake Michelle
473,Robert,East Victoriafurt
474,Jamie,Lake Tiffany
475,Robert,Port Andrewport
476,Rebecca,Nunezside
477,Brandy,Patelbury
478,Heather,South Michael
479,Melissa,Jacobville
480,Kathy,Port Donnatown
481,Omar,East Carlos
482,Adam,South Carlaton
483,Michael,Lake Bradley
484,Karen,Youngborough
485,Melissa,East Williamport
486,Stephanie,Port Sabrina
487,Robert,Barbaramouth
488,Julie,West Nancy
489,Amy,South Kevin
490,Carrie,New Stacyburgh
491,Jeffrey,Peterston
492,Jeffrey,Shellyfurt
493,Ryan,Heatherchester
494,Anthony,West Nicholas
495,Matthew,Allenbury
496,Erin,Meredithberg
497,Richard,Melendezside
498,Frederick,Faulknerside
499,Tanner,South John
500,David,West Deborah
501,Cindy,Booneland
502,Anthony,North Joseph
503,Phillip,Port Charlesshire
504,Anne,South Jason
505,Anthony,Kevintown
506,Dawn,East Suzanne
507,Derek,Lake Yvonnefort
508,Steven,Lake Cassandra
509,Brent,South Rose
510,Nicholas,Kimberlyfurt
511,Jason,Fergusonstad
512,Mark,Josehaven
513,Kathleen,Owensfort
514,Nicholas,Robinstad
515,Karen,Robertshire
516,Marie,Lake Dustin
517,Johnny,Angelashire
518,Christopher,Phillipsborough
519,Andrew,Jerryshire
520,Amber,South Andrea
521,Zoe,Jonathanfort
522,Michael,Murraystad
523,Debra,East Jennifer
524,Kimberly,Whiteside
525,Denise,New Arthurland
526,Karen,Port Adamberg
527,Stefanie,North Jasmine
528,James,East Williamstad
529,Andrew,New Danafort
530,Elijah,Smithside
531,David,Smithhaven
532,Elizabeth,Amandaport
533,Anne,New Lisachester
534,Jeffery,North Samantha
535,Holly,East James
536,Katie,Lisaview
537,Gary,Millerfurt
538,Catherine,Cunninghambury
539,Julie,Gabriellaland
540,Danny,North Richardfurt
541,Lori,Browntown
542,Tami,North Vincent
543,Daniel,Newmanmouth
544,Anthony,New Samanthabury
545,Larry,Port Heather
546,Erica,Nelsonland
547,Susan,Rachelshire
548,Randy,East Sarahmouth
549,Jennifer,East Brendafurt
550,Charles,West Franciscobury
551,Hannah,Rhodesside
552,Courtney,Patrickberg
553,Curtis,New Juliestad
554,Kendra,North Samuelland
555,Melissa,Cassiefurt
556,Caroline,Anthonyview
557,David,Henrystad
558,Tonya,Reynoldsshire
559,Kimberly,Millerport
560,Michael,Lake Charles
561,Ross,Ericberg
562,Mitchell,Stewartville
563,William,North Sherrymouth
564,Matthew,Kathleenville
565,Melissa,North Jacob
566,Lynn,Hawkinshaven
567,Daniel,Garcialand
568,Susan,Angelamouth
569,Cynthia,Smithchester
570,Maria,Maxwellside
571,Jasmine,New Adriana
572,Ryan,Jacksonview
573,Jessica,Josephberg
574,Tammy,East Ryanchester
575,Joseph,Toddland
576,Lindsey,Johnathanbury
577,Amanda,Wheelerborough
578,Timothy,Rodriguezport
579,Ryan,South Martinfurt
580,Jessica,Scottchester
581,Joseph,West Malik
582,Melissa,South Leon
583,Mariah,Novakport
584,Christopher,Faulknerbury
585,Nicole,Nicholasfurt
586,John,Danielshire
587,Steven,New Wendy
588,Cheryl,Lake Katrina
589,Nicholas,Lake Stevenborough
590,Anthony,Salinasland
591,Melissa,Chambersberg
592,Hunter,Johnberg
593,Jason,Mccormickland
594,Lauren,Ewingfort
595,Matthew,Fergusonchester
596,Nicole,Port Tanyaside
597,Jacqueline,North Kaylastad
598,Joshua,Lake Cheyenne
599,Alejandro,Rasmussenmouth
600,Stacy,Rodriguezville
